date,SPOSTMIN,Ride
2015-01-01,89.81481481481481,Soarin
2015-01-02,82.38970588235294,Soarin
2015-01-03,73.44339622641509,Soarin
2015-01-04,58.06930693069307,Soarin
2015-01-05,58.4375,Soarin
2015-01-06,55.9375,Soarin
2015-01-07,56.23711340206186,Soarin
2015-01-08,50.526315789473685,Soarin
2015-01-09,48.30065359477124,Soarin
2015-01-10,47.516129032258064,Soarin
2015-01-11,37.2972972972973,Soarin
2015-01-12,33.774193548387096,Soarin
2015-01-13,38.54938271604938,Soarin
2015-01-14,38.85906040268456,Soarin
2015-01-15,44.967320261437905,Soarin
2015-01-16,59.392265193370164,Soarin
2015-01-17,85.76158940397352,Soarin
2015-01-18,87.24025974025975,Soarin
2015-01-19,74.53947368421052,Soarin
2015-01-20,51.047904191616766,Soarin
2015-01-21,53.625,Soarin
2015-01-22,52.5,Soarin
2015-01-23,56.54494382022472,Soarin
2015-01-24,51.678082191780824,Soarin
2015-01-25,63.4640522875817,Soarin
2015-01-26,79.53947368421052,Soarin
2015-01-27,48.35329341317365,Soarin
2015-01-28,60.0,Soarin
2015-01-29,63.083333333333336,Soarin
2015-01-30,57.5,Soarin
2015-01-31,66.57051282051282,Soarin
2015-02-01,58.982300884955755,Soarin
2015-02-02,50.294117647058826,Soarin
2015-02-03,46.17088607594937,Soarin
2015-02-04,46.5,Soarin
2015-02-05,40.07874015748032,Soarin
2015-02-06,55.747126436781606,Soarin
2015-02-07,66.16666666666667,Soarin
2015-02-08,54.21052631578947,Soarin
2015-02-09,46.785714285714285,Soarin
2015-02-10,48.98148148148148,Soarin
2015-02-11,46.95364238410596,Soarin
2015-02-12,55.2,Soarin
2015-02-13,64.28571428571429,Soarin
2015-02-14,90.66666666666667,Soarin
2015-02-15,107.6219512195122,Soarin
2015-02-16,85.3416149068323,Soarin
2015-02-17,97.13872832369943,Soarin
2015-02-18,97.35099337748345,Soarin
2015-02-19,86.8,Soarin
2015-02-20,67.33160621761658,Soarin
2015-02-21,65.22875816993464,Soarin
2015-02-22,50.064935064935064,Soarin
2015-02-23,48.214285714285715,Soarin
2015-02-24,51.36645962732919,Soarin
2015-02-25,51.875,Soarin
2015-02-26,52.333333333333336,Soarin
2015-02-27,54.75409836065574,Soarin
2015-02-28,54.03225806451613,Soarin
2015-03-01,48.4,Soarin
2015-03-02,41.891891891891895,Soarin
2015-03-03,40.548780487804876,Soarin
2015-03-04,47.317880794701985,Soarin
2015-03-05,50.98039215686274,Soarin
2015-03-06,52.32044198895028,Soarin
2015-03-07,63.25657894736842,Soarin
2015-03-08,76.47058823529412,Soarin
2015-03-09,97.05128205128206,Soarin
2015-03-10,96.28834355828221,Soarin
2015-03-11,62.77777777777778,Soarin
2015-03-12,64.83221476510067,Soarin
2015-03-13,67.63736263736264,Soarin
2015-03-14,78.04054054054055,Soarin
2015-03-15,74.26666666666667,Soarin
2015-03-16,91.125,Soarin
2015-03-17,89.33962264150944,Soarin
2015-03-18,84.67320261437908,Soarin
2015-03-19,78.44594594594595,Soarin
2015-03-20,73.96067415730337,Soarin
2015-03-21,74.24342105263158,Soarin
2015-03-22,73.125,Soarin
2015-03-23,115.45454545454545,Soarin
2015-03-24,94.85207100591715,Soarin
2015-03-25,70.73248407643312,Soarin
2015-03-26,74.77611940298507,Soarin
2015-03-27,65.5,Soarin
2015-03-28,69.23076923076923,Soarin
2015-03-29,110.625,Soarin
2015-03-30,104.23529411764706,Soarin
2015-03-31,106.76923076923077,Soarin
2015-04-01,112.5,Soarin
2015-04-02,96.80412371134021,Soarin
2015-04-03,83.86503067484662,Soarin
2015-04-04,90.58823529411765,Soarin
2015-04-05,99.28571428571429,Soarin
2015-04-06,107.41379310344827,Soarin
2015-04-07,116.94805194805195,Soarin
2015-04-08,118.04054054054055,Soarin
2015-04-09,105.94202898550725,Soarin
2015-04-10,89.50331125827815,Soarin
2015-04-11,66.15942028985508,Soarin
2015-04-12,53.81481481481482,Soarin
2015-04-13,51.65492957746479,Soarin
2015-04-14,45.0,Soarin
2015-04-15,41.2962962962963,Soarin
2015-04-16,51.19266055045872,Soarin
2015-04-17,59.84756097560975,Soarin
2015-04-18,67.86764705882354,Soarin
2015-04-19,55.392857142857146,Soarin
2015-04-20,46.08843537414966,Soarin
2015-04-21,48.68421052631579,Soarin
2015-04-22,46.64179104477612,Soarin
2015-04-23,49.14728682170543,Soarin
2015-04-24,53.25657894736842,Soarin
2015-04-25,64.1726618705036,Soarin
2015-04-26,56.38297872340426,Soarin
2015-04-27,46.82432432432432,Soarin
2015-04-28,40.744680851063826,Soarin
2015-04-29,40.948905109489054,Soarin
2015-04-30,49.58041958041958,Soarin
2015-05-01,54.25925925925926,Soarin
2015-05-02,60.785714285714285,Soarin
2015-05-03,57.649253731343286,Soarin
2015-05-04,55.27210884353742,Soarin
2015-05-05,49.47852760736196,Soarin
2015-05-06,44.647887323943664,Soarin
2015-05-07,50.214285714285715,Soarin
2015-05-08,62.18354430379747,Soarin
2015-05-09,58.733333333333334,Soarin
2015-05-10,56.605839416058394,Soarin
2015-05-11,46.10344827586207,Soarin
2015-05-12,49.471830985915496,Soarin
2015-05-13,51.37323943661972,Soarin
2015-05-14,51.45390070921986,Soarin
2015-05-15,60.95679012345679,Soarin
2015-05-16,75.55147058823529,Soarin
2015-05-17,65.94202898550725,Soarin
2015-05-18,47.13286713286713,Soarin
2015-05-19,53.148148148148145,Soarin
2015-05-20,45.57971014492754,Soarin
2015-05-21,64.34027777777777,Soarin
2015-05-22,59.36416184971098,Soarin
2015-05-23,81.22222222222223,Soarin
2015-05-24,102.79310344827586,Soarin
2015-05-25,88.4,Soarin
2015-05-26,81.06918238993711,Soarin
2015-05-27,67.46621621621621,Soarin
2015-05-28,67.38970588235294,Soarin
2015-05-29,62.16374269005848,Soarin
2015-05-30,66.74657534246575,Soarin
2015-05-31,81.9205298013245,Soarin
2015-06-01,63.81118881118881,Soarin
2015-06-02,74.18831168831169,Soarin
2015-06-03,63.36805555555556,Soarin
2015-06-04,67.97202797202797,Soarin
2015-06-05,58.06748466257669,Soarin
2015-06-06,57.53472222222222,Soarin
2015-06-07,60.8974358974359,Soarin
2015-06-08,74.25170068027211,Soarin
2015-06-09,82.7,Soarin
2015-06-10,82.99270072992701,Soarin
2015-06-11,74.05228758169935,Soarin
2015-06-12,65.24242424242425,Soarin
2015-06-13,55.763888888888886,Soarin
2015-06-14,57.53472222222222,Soarin
2015-06-15,68.63636363636364,Soarin
2015-06-16,63.71875,Soarin
2015-06-17,59.695945945945944,Soarin
2015-06-18,63.41379310344828,Soarin
2015-06-19,58.0625,Soarin
2015-06-20,50.464285714285715,Soarin
2015-06-21,51.793103448275865,Soarin
2015-06-22,64.93150684931507,Soarin
2015-06-23,110.16666666666667,Soarin
2015-06-24,83.85416666666667,Soarin
2015-06-25,81.18055555555556,Soarin
2015-06-26,73.27272727272727,Soarin
2015-06-27,54.09090909090909,Soarin
2015-06-28,60.107142857142854,Soarin
2015-06-29,56.75,Soarin
2015-06-30,72.33108108108108,Soarin
2015-07-01,59.73154362416108,Soarin
2015-07-02,61.42857142857143,Soarin
2015-07-03,60.638297872340424,Soarin
2015-07-04,77.2752808988764,Soarin
2015-07-05,48.56643356643357,Soarin
2015-07-06,54.04761904761905,Soarin
2015-07-07,60.44303797468354,Soarin
2015-07-08,62.51908396946565,Soarin
2015-07-09,61.51851851851852,Soarin
2015-07-10,57.5,Soarin
2015-07-11,54.130434782608695,Soarin
2015-07-12,52.689655172413794,Soarin
2015-07-13,67.12328767123287,Soarin
2015-07-14,67.22527472527473,Soarin
2015-07-15,88.02919708029196,Soarin
2015-07-16,72.46478873239437,Soarin
2015-07-17,73.27044025157232,Soarin
2015-07-18,57.4822695035461,Soarin
2015-07-19,64.76923076923077,Soarin
2015-07-20,86.97916666666667,Soarin
2015-07-21,83.83333333333333,Soarin
2015-07-22,73.69718309859155,Soarin
2015-07-23,73.53333333333333,Soarin
2015-07-24,73.08823529411765,Soarin
2015-07-25,56.27272727272727,Soarin
2015-07-26,57.43055555555556,Soarin
2015-07-27,65.94202898550725,Soarin
2015-07-28,42.10526315789474,Soarin
2015-07-29,80.0,Soarin
2015-07-30,69.375,Soarin
2015-07-31,61.0,Soarin
2015-08-01,57.5,Soarin
2015-08-02,92.82828282828282,Soarin
2015-08-03,68.62385321100918,Soarin
2015-08-04,78.94957983193277,Soarin
2015-08-05,63.611111111111114,Soarin
2015-08-06,64.69827586206897,Soarin
2015-08-07,62.48062015503876,Soarin
2015-08-08,54.61206896551724,Soarin
2015-08-09,60.04385964912281,Soarin
2015-08-10,57.16216216216216,Soarin
2015-08-11,61.75925925925926,Soarin
2015-08-12,58.78260869565217,Soarin
2015-08-13,55.26315789473684,Soarin
2015-08-14,59.12,Soarin
2015-08-15,60.40983606557377,Soarin
2015-08-16,64.05982905982906,Soarin
2015-08-17,73.47107438016529,Soarin
2015-08-18,84.88188976377953,Soarin
2015-08-19,123.47826086956522,Soarin
2015-08-20,75.3125,Soarin
2015-08-21,79.44444444444444,Soarin
2015-08-22,50.90909090909091,Soarin
2015-08-23,54.11504424778761,Soarin
2015-08-24,61.785714285714285,Soarin
2015-08-25,53.828125,Soarin
2015-08-26,53.06306306306306,Soarin
2015-08-27,45.54545454545455,Soarin
2015-08-28,47.05223880597015,Soarin
2015-08-29,37.758620689655174,Soarin
2015-08-30,38.716814159292035,Soarin
2015-08-31,28.617886178861788,Soarin
2015-09-01,27.131147540983605,Soarin
2015-09-02,14.173553719008265,Soarin
2015-09-03,19.047619047619047,Soarin
2015-09-04,33.80281690140845,Soarin
2015-09-05,57.27272727272727,Soarin
2015-09-06,66.29464285714286,Soarin
2015-09-07,46.72566371681416,Soarin
2015-09-08,31.299212598425196,Soarin
2015-09-09,29.220183486238533,Soarin
2015-09-10,26.991150442477878,Soarin
2015-09-11,41.935483870967744,Soarin
2015-09-12,50.04761904761905,Soarin
2015-09-13,39.70338983050848,Soarin
2015-09-14,46.208333333333336,Soarin
2015-09-15,39.32,Soarin
2015-09-16,34.130434782608695,Soarin
2015-09-17,38.333333333333336,Soarin
2015-09-18,48.7248322147651,Soarin
2015-09-19,43.608695652173914,Soarin
2015-09-20,48.83458646616541,Soarin
2015-09-21,50.38461538461539,Soarin
2015-09-22,42.71186440677966,Soarin
2015-09-23,44.336283185840706,Soarin
2015-09-24,44.675925925925924,Soarin
2015-09-25,62.1875,Soarin
2015-09-26,63.76068376068376,Soarin
2015-09-27,46.45454545454545,Soarin
2015-09-28,51.171875,Soarin
2015-09-29,44.84251968503937,Soarin
2015-09-30,44.111111111111114,Soarin
2015-10-01,42.83898305084746,Soarin
2015-10-02,48.827586206896555,Soarin
2015-10-03,56.91304347826087,Soarin
2015-10-04,50.370370370370374,Soarin
2015-10-05,60.13157894736842,Soarin
2015-10-06,59.369369369369366,Soarin
2015-10-07,50.450450450450454,Soarin
2015-10-08,59.732824427480914,Soarin
2015-10-09,63.75,Soarin
2015-10-10,66.91588785046729,Soarin
2015-10-11,75.91743119266054,Soarin
2015-10-12,86.0,Soarin
2015-10-13,72.65,Soarin
2015-10-14,70.73863636363636,Soarin
2015-10-15,71.94915254237289,Soarin
2015-10-16,73.09917355371901,Soarin
2015-10-17,65.0,Soarin
2015-10-18,64.5798319327731,Soarin
2015-10-19,74.85981308411215,Soarin
2015-10-20,59.18181818181818,Soarin
2015-10-21,54.532710280373834,Soarin
2015-10-22,64.50413223140495,Soarin
2015-10-23,62.47747747747748,Soarin
2015-10-24,59.285714285714285,Soarin
2015-10-25,62.23684210526316,Soarin
2015-10-26,67.41071428571429,Soarin
2015-10-27,56.919642857142854,Soarin
2015-10-28,51.875,Soarin
2015-10-29,54.77777777777778,Soarin
2015-10-30,47.17213114754098,Soarin
2015-10-31,55.52173913043478,Soarin
2015-11-01,53.62068965517241,Soarin
2015-11-02,55.580357142857146,Soarin
2015-11-03,57.1031746031746,Soarin
2015-11-04,66.44859813084112,Soarin
2015-11-05,55.64655172413793,Soarin
2015-11-06,58.67256637168141,Soarin
2015-11-07,57.96610169491525,Soarin
2015-11-08,57.69911504424779,Soarin
2015-11-09,64.6116504854369,Soarin
2015-11-10,63.22314049586777,Soarin
2015-11-11,71.44628099173553,Soarin
2015-11-12,68.76923076923077,Soarin
2015-11-13,70.8984375,Soarin
2015-11-14,64.91735537190083,Soarin
2015-11-15,64.34782608695652,Soarin
2015-11-16,72.0,Soarin
2015-11-17,63.291666666666664,Soarin
2015-11-18,46.34782608695652,Soarin
2015-11-19,42.7734375,Soarin
2015-11-20,51.508620689655174,Soarin
2015-11-21,62.90909090909091,Soarin
2015-11-22,125.84905660377359,Soarin
2015-11-23,101.59482758620689,Soarin
2015-11-24,109.31818181818181,Soarin
2015-11-25,104.58715596330275,Soarin
2015-11-26,89.0650406504065,Soarin
2015-11-27,98.76146788990826,Soarin
2015-11-28,84.28571428571429,Soarin
2015-11-29,56.077586206896555,Soarin
2015-11-30,50.40650406504065,Soarin
2015-12-01,50.968992248062015,Soarin
2015-12-02,49.92063492063492,Soarin
2015-12-03,53.92307692307692,Soarin
2015-12-04,62.36842105263158,Soarin
2015-12-05,66.0546875,Soarin
2015-12-06,61.39344262295082,Soarin
2015-12-07,60.16949152542373,Soarin
2015-12-08,52.91044776119403,Soarin
2015-12-09,62.38636363636363,Soarin
2015-12-10,54.045801526717554,Soarin
2015-12-11,58.89908256880734,Soarin
2015-12-12,68.11320754716981,Soarin
2015-12-13,55.60747663551402,Soarin
2015-12-14,54.53781512605042,Soarin
2015-12-15,55.208333333333336,Soarin
2015-12-16,60.50847457627118,Soarin
2015-12-17,68.1640625,Soarin
2015-12-18,59.02777777777778,Soarin
2015-12-19,82.6,Soarin
2015-12-20,97.2457627118644,Soarin
2015-12-21,118.69918699186992,Soarin
2015-12-22,114.51754385964912,Soarin
2015-12-23,109.27927927927928,Soarin
2015-12-24,103.28828828828829,Soarin
2015-12-25,82.90441176470588,Soarin
2015-12-26,76.875,Soarin
2015-12-27,84.92481203007519,Soarin
2015-12-28,115.39568345323741,Soarin
2015-12-29,123.41726618705036,Soarin
2015-12-30,111.875,Soarin
2015-12-31,159.06451612903226,Soarin
2016-01-01,69.7463768115942,Soarin
2016-01-02,94.91379310344827,Soarin
2016-01-03,112.77777777777777,Soarin
2016-01-04,,Soarin
2016-01-05,,Soarin
2016-01-06,,Soarin
2016-01-07,,Soarin
2016-01-08,,Soarin
2016-01-09,,Soarin
2016-01-10,,Soarin
2016-01-11,,Soarin
2016-01-12,,Soarin
2016-01-13,,Soarin
2016-01-14,,Soarin
2016-01-15,,Soarin
2016-01-16,,Soarin
2016-01-17,,Soarin
2016-01-18,,Soarin
2016-01-19,,Soarin
2016-01-20,,Soarin
2016-01-21,,Soarin
2016-01-22,,Soarin
2016-01-23,,Soarin
2016-01-24,,Soarin
2016-01-25,,Soarin
2016-01-26,,Soarin
2016-01-27,,Soarin
2016-01-28,,Soarin
2016-01-29,,Soarin
2016-01-30,,Soarin
2016-01-31,,Soarin
2016-02-01,,Soarin
2016-02-02,,Soarin
2016-02-03,,Soarin
2016-02-04,,Soarin
2016-02-05,,Soarin
2016-02-06,,Soarin
2016-02-07,,Soarin
2016-02-08,,Soarin
2016-02-09,,Soarin
2016-02-10,,Soarin
2016-02-11,,Soarin
2016-02-12,,Soarin
2016-02-13,,Soarin
2016-02-14,,Soarin
2016-02-15,,Soarin
2016-02-16,,Soarin
2016-02-17,,Soarin
2016-02-18,,Soarin
2016-02-19,,Soarin
2016-02-20,,Soarin
2016-02-21,,Soarin
2016-02-22,,Soarin
2016-02-23,,Soarin
2016-02-24,,Soarin
2016-02-25,,Soarin
2016-02-26,,Soarin
2016-02-27,,Soarin
2016-02-28,,Soarin
2016-02-29,,Soarin
2016-03-01,,Soarin
2016-03-02,,Soarin
2016-03-03,,Soarin
2016-03-04,,Soarin
2016-03-05,,Soarin
2016-03-06,,Soarin
2016-03-07,,Soarin
2016-03-08,,Soarin
2016-03-09,,Soarin
2016-03-10,,Soarin
2016-03-11,,Soarin
2016-03-12,,Soarin
2016-03-13,,Soarin
2016-03-14,,Soarin
2016-03-15,,Soarin
2016-03-16,,Soarin
2016-03-17,,Soarin
2016-03-18,,Soarin
2016-03-19,,Soarin
2016-03-20,,Soarin
2016-03-21,,Soarin
2016-03-22,,Soarin
2016-03-23,,Soarin
2016-03-24,,Soarin
2016-03-25,,Soarin
2016-03-26,,Soarin
2016-03-27,,Soarin
2016-03-28,,Soarin
2016-03-29,,Soarin
2016-03-30,,Soarin
2016-03-31,,Soarin
2016-04-01,,Soarin
2016-04-02,,Soarin
2016-04-03,,Soarin
2016-04-04,,Soarin
2016-04-05,,Soarin
2016-04-06,,Soarin
2016-04-07,,Soarin
2016-04-08,,Soarin
2016-04-09,,Soarin
2016-04-10,,Soarin
2016-04-11,,Soarin
2016-04-12,,Soarin
2016-04-13,,Soarin
2016-04-14,,Soarin
2016-04-15,,Soarin
2016-04-16,,Soarin
2016-04-17,,Soarin
2016-04-18,,Soarin
2016-04-19,,Soarin
2016-04-20,,Soarin
2016-04-21,,Soarin
2016-04-22,,Soarin
2016-04-23,,Soarin
2016-04-24,,Soarin
2016-04-25,,Soarin
2016-04-26,,Soarin
2016-04-27,,Soarin
2016-04-28,,Soarin
2016-04-29,,Soarin
2016-04-30,,Soarin
2016-05-01,,Soarin
2016-05-02,,Soarin
2016-05-03,,Soarin
2016-05-04,,Soarin
2016-05-05,,Soarin
2016-05-06,,Soarin
2016-05-07,,Soarin
2016-05-08,,Soarin
2016-05-09,,Soarin
2016-05-10,,Soarin
2016-05-11,,Soarin
2016-05-12,,Soarin
2016-05-13,,Soarin
2016-05-14,,Soarin
2016-05-15,,Soarin
2016-05-16,,Soarin
2016-05-17,,Soarin
2016-05-18,,Soarin
2016-05-19,,Soarin
2016-05-20,,Soarin
2016-05-21,,Soarin
2016-05-22,,Soarin
2016-05-23,,Soarin
2016-05-24,,Soarin
2016-05-25,,Soarin
2016-05-26,,Soarin
2016-05-27,91.96,Soarin
2016-05-28,106.11570247933884,Soarin
2016-05-29,117.98969072164948,Soarin
2016-05-30,99.41176470588235,Soarin
2016-05-31,88.27338129496403,Soarin
2016-06-01,81.66666666666667,Soarin
2016-06-02,69.15254237288136,Soarin
2016-06-03,75.74257425742574,Soarin
2016-06-04,85.79646017699115,Soarin
2016-06-05,69.2063492063492,Soarin
2016-06-06,79.9047619047619,Soarin
2016-06-07,107.52136752136752,Soarin
2016-06-08,91.30630630630631,Soarin
2016-06-09,83.16037735849056,Soarin
2016-06-10,78.53448275862068,Soarin
2016-06-11,68.16666666666667,Soarin
2016-06-12,101.14035087719299,Soarin
2016-06-13,88.09734513274336,Soarin
2016-06-14,101.8103448275862,Soarin
2016-06-15,94.3913043478261,Soarin
2016-06-16,99.02439024390245,Soarin
2016-06-17,82.99145299145299,Soarin
2016-06-18,52.59842519685039,Soarin
2016-06-19,48.45528455284553,Soarin
2016-06-20,59.125,Soarin
2016-06-21,74.76,Soarin
2016-06-22,48.73913043478261,Soarin
2016-06-23,60.28688524590164,Soarin
2016-06-24,43.925619834710744,Soarin
2016-06-25,60.703125,Soarin
2016-06-26,65.04237288135593,Soarin
2016-06-27,152.3706896551724,Soarin
2016-06-28,58.032786885245905,Soarin
2016-06-29,55.44642857142857,Soarin
2016-06-30,60.47008547008547,Soarin
2016-07-01,37.83783783783784,Soarin
2016-07-02,42.65217391304348,Soarin
2016-07-03,44.21568627450981,Soarin
2016-07-04,50.73529411764706,Soarin
2016-07-05,44.06716417910448,Soarin
2016-07-06,36.27049180327869,Soarin
2016-07-07,49.904761904761905,Soarin
2016-07-08,35.75,Soarin
2016-07-09,37.75229357798165,Soarin
2016-07-10,42.55,Soarin
2016-07-11,41.56521739130435,Soarin
2016-07-12,66.0909090909091,Soarin
2016-07-13,58.87931034482759,Soarin
2016-07-14,42.84313725490196,Soarin
2016-07-15,41.5929203539823,Soarin
2016-07-16,49.678899082568805,Soarin
2016-07-17,50.970873786407765,Soarin
2016-07-18,46.00961538461539,Soarin
2016-07-19,52.983193277310924,Soarin
2016-07-20,43.57142857142857,Soarin
2016-07-21,57.361111111111114,Soarin
2016-07-22,45.742574257425744,Soarin
2016-07-23,64.32291666666667,Soarin
2016-07-24,49.13265306122449,Soarin
2016-07-25,44.03508771929825,Soarin
2016-07-26,53.23275862068966,Soarin
2016-07-27,51.50485436893204,Soarin
2016-07-28,43.03921568627451,Soarin
2016-07-29,49.398148148148145,Soarin
2016-07-30,41.173469387755105,Soarin
2016-07-31,38.535353535353536,Soarin
2016-08-01,40.495049504950494,Soarin
2016-08-02,51.875,Soarin
2016-08-03,43.83495145631068,Soarin
2016-08-04,48.79807692307692,Soarin
2016-08-05,41.666666666666664,Soarin
2016-08-06,40.094339622641506,Soarin
2016-08-07,49.776785714285715,Soarin
2016-08-08,35.87378640776699,Soarin
2016-08-09,57.892561983471076,Soarin
2016-08-10,45.981308411214954,Soarin
2016-08-11,34.875,Soarin
2016-08-12,47.19626168224299,Soarin
2016-08-13,50.78431372549019,Soarin
2016-08-14,42.42424242424242,Soarin
2016-08-15,60.27522935779817,Soarin
2016-08-16,48.125,Soarin
2016-08-17,67.78761061946902,Soarin
2016-08-18,41.1965811965812,Soarin
2016-08-19,38.288288288288285,Soarin
2016-08-20,50.0,Soarin
2016-08-21,47.983193277310924,Soarin
2016-08-22,36.82608695652174,Soarin
2016-08-23,42.764227642276424,Soarin
2016-08-24,50.321100917431195,Soarin
2016-08-25,40.20661157024794,Soarin
2016-08-26,42.68595041322314,Soarin
2016-08-27,44.04761904761905,Soarin
2016-08-28,34.375,Soarin
2016-08-29,26.17117117117117,Soarin
2016-08-30,29.692307692307693,Soarin
2016-08-31,26.626984126984127,Soarin
2016-09-01,17.519083969465647,Soarin
2016-09-02,20.862068965517242,Soarin
2016-09-03,43.541666666666664,Soarin
2016-09-04,57.88288288288288,Soarin
2016-09-05,46.19834710743802,Soarin
2016-09-06,28.346774193548388,Soarin
2016-09-07,20.47872340425532,Soarin
2016-09-08,16.724137931034484,Soarin
2016-09-09,19.852941176470587,Soarin
2016-09-10,32.08695652173913,Soarin
2016-09-11,34.90654205607477,Soarin
2016-09-12,20.761904761904763,Soarin
2016-09-13,25.833333333333332,Soarin
2016-09-14,30.855855855855857,Soarin
2016-09-15,27.716535433070867,Soarin
2016-09-16,31.03448275862069,Soarin
2016-09-17,49.741379310344826,Soarin
2016-09-18,39.896907216494846,Soarin
2016-09-19,34.81481481481482,Soarin
2016-09-20,37.76315789473684,Soarin
2016-09-21,32.0,Soarin
2016-09-22,28.75,Soarin
2016-09-23,34.008620689655174,Soarin
2016-09-24,51.58878504672897,Soarin
2016-09-25,37.704918032786885,Soarin
2016-09-26,32.61904761904762,Soarin
2016-09-27,36.134453781512605,Soarin
2016-09-28,34.56310679611651,Soarin
2016-09-29,29.345794392523363,Soarin
2016-09-30,41.58653846153846,Soarin
2016-10-01,48.608247422680414,Soarin
2016-10-02,82.34042553191489,Soarin
2016-10-03,64.54081632653062,Soarin
2016-10-04,68.80530973451327,Soarin
2016-10-05,52.227722772277225,Soarin
2016-10-06,25.29850746268657,Soarin
2016-10-07,,Soarin
2016-10-08,43.982300884955755,Soarin
2016-10-09,49.4954128440367,Soarin
2016-10-10,61.17977528089887,Soarin
2016-10-11,76.55660377358491,Soarin
2016-10-12,45.22727272727273,Soarin
2016-10-13,49.69827586206897,Soarin
2016-10-14,59.5945945945946,Soarin
2016-10-15,53.93700787401575,Soarin
2016-10-16,46.68181818181818,Soarin
2016-10-17,42.0,Soarin
2016-10-18,41.06299212598425,Soarin
2016-10-19,42.88659793814433,Soarin
2016-10-20,55.0462962962963,Soarin
2016-10-21,73.46153846153847,Soarin
2016-10-22,59.285714285714285,Soarin
2016-10-23,49.80392156862745,Soarin
2016-10-24,62.098214285714285,Soarin
2016-10-25,39.877049180327866,Soarin
2016-10-26,35.04761904761905,Soarin
2016-10-27,38.61607142857143,Soarin
2016-10-28,43.65217391304348,Soarin
2016-10-29,76.29310344827586,Soarin
2016-10-30,41.79245283018868,Soarin
2016-10-31,28.97196261682243,Soarin
2016-11-01,32.830882352941174,Soarin
2016-11-02,32.11711711711712,Soarin
2016-11-03,34.3859649122807,Soarin
2016-11-04,45.766129032258064,Soarin
2016-11-05,58.61788617886179,Soarin
2016-11-06,48.56481481481482,Soarin
2016-11-07,61.13636363636363,Soarin
2016-11-08,62.926829268292686,Soarin
2016-11-09,44.95192307692308,Soarin
2016-11-10,56.46788990825688,Soarin
2016-11-11,70.30172413793103,Soarin
2016-11-12,67.02702702702703,Soarin
2016-11-13,44.8780487804878,Soarin
2016-11-14,41.067961165048544,Soarin
2016-11-15,34.13223140495868,Soarin
2016-11-16,23.564356435643564,Soarin
2016-11-17,42.27272727272727,Soarin
2016-11-18,49.21568627450981,Soarin
2016-11-19,37.21153846153846,Soarin
2016-11-20,58.98989898989899,Soarin
2016-11-21,71.54545454545455,Soarin
2016-11-22,83.32,Soarin
2016-11-23,68.92561983471074,Soarin
2016-11-24,72.85046728971963,Soarin
2016-11-25,77.3529411764706,Soarin
2016-11-26,57.76699029126213,Soarin
2016-11-27,41.386138613861384,Soarin
2016-11-28,39.11214953271028,Soarin
2016-11-29,40.42016806722689,Soarin
2016-11-30,31.936936936936938,Soarin
2016-12-01,33.130434782608695,Soarin
2016-12-02,47.40909090909091,Soarin
2016-12-03,51.36363636363637,Soarin
2016-12-04,41.65137614678899,Soarin
2016-12-05,40.68,Soarin
2016-12-06,34.91803278688525,Soarin
2016-12-07,33.8034188034188,Soarin
2016-12-08,45.18691588785047,Soarin
2016-12-09,49.554455445544555,Soarin
2016-12-10,48.75,Soarin
2016-12-11,46.04761904761905,Soarin
2016-12-12,49.666666666666664,Soarin
2016-12-13,52.94642857142857,Soarin
2016-12-14,48.88392857142857,Soarin
2016-12-15,42.04347826086956,Soarin
2016-12-16,51.79611650485437,Soarin
2016-12-17,50.424528301886795,Soarin
2016-12-18,60.523809523809526,Soarin
2016-12-19,53.39449541284404,Soarin
2016-12-20,84.15254237288136,Soarin
2016-12-21,62.63392857142857,Soarin
2016-12-22,52.01550387596899,Soarin
2016-12-23,40.34653465346535,Soarin
2016-12-24,45.97938144329897,Soarin
2016-12-25,61.59090909090909,Soarin
2016-12-26,55.38461538461539,Soarin
2016-12-27,78.40579710144928,Soarin
2016-12-28,90.3305785123967,Soarin
2016-12-29,83.34677419354838,Soarin
2016-12-30,86.32231404958678,Soarin
2016-12-31,130.33557046979865,Soarin
2017-01-01,46.0,Soarin
2017-01-02,45.29126213592233,Soarin
2017-01-03,76.1344537815126,Soarin
2017-01-04,62.84313725490196,Soarin
2017-01-05,63.640776699029125,Soarin
2017-01-06,48.6764705882353,Soarin
2017-01-07,43.91509433962264,Soarin
2017-01-08,35.1271186440678,Soarin
2017-01-09,36.415929203539825,Soarin
2017-01-10,32.78350515463917,Soarin
2017-01-11,42.64705882352941,Soarin
2017-01-12,33.27731092436975,Soarin
2017-01-13,41.49484536082474,Soarin
2017-01-14,61.95454545454545,Soarin
2017-01-15,59.75,Soarin
2017-01-16,55.18691588785047,Soarin
2017-01-17,72.74193548387096,Soarin
2017-01-18,25.333333333333332,Soarin
2017-01-19,27.431192660550458,Soarin
2017-01-20,32.76470588235294,Soarin
2017-01-21,50.53333333333333,Soarin
2017-01-22,34.476190476190474,Soarin
2017-01-23,39.78260869565217,Soarin
2017-01-24,37.26086956521739,Soarin
2017-01-25,30.26595744680851,Soarin
2017-01-26,21.70731707317073,Soarin
2017-01-27,41.96969696969697,Soarin
2017-01-28,51.09375,Soarin
2017-01-29,31.59090909090909,Soarin
2017-01-30,33.333333333333336,Soarin
2017-01-31,41.98347107438016,Soarin
2017-02-01,26.442307692307693,Soarin
2017-02-02,28.174603174603174,Soarin
2017-02-03,38.55140186915888,Soarin
2017-02-04,50.396039603960396,Soarin
2017-02-05,42.98245614035088,Soarin
2017-02-06,39.21296296296296,Soarin
2017-02-07,32.874015748031496,Soarin
2017-02-08,27.636363636363637,Soarin
2017-02-09,25.545454545454547,Soarin
2017-02-10,44.9,Soarin
2017-02-11,51.769911504424776,Soarin
2017-02-12,42.80373831775701,Soarin
2017-02-13,48.31818181818182,Soarin
2017-02-14,34.53125,Soarin
2017-02-15,26.545454545454547,Soarin
2017-02-16,38.25,Soarin
2017-02-17,46.40350877192982,Soarin
2017-02-18,75.74561403508773,Soarin
2017-02-19,80.90517241379311,Soarin
2017-02-20,66.86363636363636,Soarin
2017-02-21,62.096774193548384,Soarin
2017-02-22,47.450980392156865,Soarin
2017-02-23,50.46218487394958,Soarin
2017-02-24,43.24324324324324,Soarin
2017-02-25,52.58620689655172,Soarin
2017-02-26,50.04385964912281,Soarin
2017-02-27,49.369369369369366,Soarin
2017-02-28,50.0,Soarin
2017-03-01,50.204918032786885,Soarin
2017-03-02,55.6910569105691,Soarin
2017-03-03,49.73451327433628,Soarin
2017-03-04,55.84070796460177,Soarin
2017-03-05,50.46218487394958,Soarin
2017-03-06,55.309734513274336,Soarin
2017-03-07,47.96875,Soarin
2017-03-08,41.21739130434783,Soarin
2017-03-09,40.49180327868852,Soarin
2017-03-10,47.73109243697479,Soarin
2017-03-11,53.584070796460175,Soarin
2017-03-12,57.84403669724771,Soarin
2017-03-13,80.48672566371681,Soarin
2017-03-14,84.09448818897638,Soarin
2017-03-15,94.56521739130434,Soarin
2017-03-16,71.42857142857143,Soarin
2017-03-17,68.61344537815125,Soarin
2017-03-18,59.72477064220183,Soarin
2017-03-19,49.823008849557525,Soarin
2017-03-20,58.108108108108105,Soarin
2017-03-21,52.00787401574803,Soarin
2017-03-22,44.03508771929825,Soarin
2017-03-23,48.11926605504587,Soarin
2017-03-24,57.45283018867924,Soarin
2017-03-25,79.4954128440367,Soarin
2017-03-26,56.08108108108108,Soarin
2017-03-27,53.403361344537814,Soarin
2017-03-28,52.06349206349206,Soarin
2017-03-29,46.78260869565217,Soarin
2017-03-30,43.20175438596491,Soarin
2017-03-31,54.85576923076923,Soarin
2017-04-01,72.93577981651376,Soarin
2017-04-02,68.0,Soarin
2017-04-03,55.580357142857146,Soarin
2017-04-04,53.44827586206897,Soarin
2017-04-05,51.74311926605505,Soarin
2017-04-06,61.837606837606835,Soarin
2017-04-07,60.38834951456311,Soarin
2017-04-08,45.396039603960396,Soarin
2017-04-09,60.67307692307692,Soarin
2017-04-10,74.8076923076923,Soarin
2017-04-11,73.91304347826087,Soarin
2017-04-12,79.2,Soarin
2017-04-13,73.54700854700855,Soarin
2017-04-14,72.97029702970298,Soarin
2017-04-15,61.517857142857146,Soarin
2017-04-16,47.009803921568626,Soarin
2017-04-17,66.9298245614035,Soarin
2017-04-18,46.21848739495798,Soarin
2017-04-19,46.126126126126124,Soarin
2017-04-20,41.271929824561404,Soarin
2017-04-21,40.5188679245283,Soarin
2017-04-22,62.71186440677966,Soarin
2017-04-23,40.24,Soarin
2017-04-24,38.728070175438596,Soarin
2017-04-25,33.45,Soarin
2017-04-26,30.327102803738317,Soarin
2017-04-27,40.4,Soarin
2017-04-28,41.42156862745098,Soarin
2017-04-29,53.265306122448976,Soarin
2017-04-30,39.375,Soarin
2017-05-01,40.256410256410255,Soarin
2017-05-02,31.63716814159292,Soarin
2017-05-03,29.79381443298969,Soarin
2017-05-04,32.45454545454545,Soarin
2017-05-05,45.38461538461539,Soarin
2017-05-06,58.632075471698116,Soarin
2017-05-07,46.13636363636363,Soarin
2017-05-08,41.92622950819672,Soarin
2017-05-09,36.338582677165356,Soarin
2017-05-10,39.71311475409836,Soarin
2017-05-11,32.15384615384615,Soarin
2017-05-12,38.93518518518518,Soarin
2017-05-13,53.95652173913044,Soarin
2017-05-14,47.88461538461539,Soarin
2017-05-15,43.58974358974359,Soarin
2017-05-16,43.796992481203006,Soarin
2017-05-17,36.42156862745098,Soarin
2017-05-18,63.28947368421053,Soarin
2017-05-19,45.09615384615385,Soarin
2017-05-20,57.45192307692308,Soarin
2017-05-21,51.86915887850467,Soarin
2017-05-22,46.00877192982456,Soarin
2017-05-23,51.18852459016394,Soarin
2017-05-24,54.89247311827957,Soarin
2017-05-25,45.28,Soarin
2017-05-26,50.36036036036036,Soarin
2017-05-27,64.33035714285714,Soarin
2017-05-28,79.35185185185185,Soarin
2017-05-29,72.34234234234235,Soarin
2017-05-30,58.20175438596491,Soarin
2017-05-31,50.55555555555556,Soarin
2017-06-01,61.92982456140351,Soarin
2017-06-02,74.19642857142857,Soarin
2017-06-03,63.76106194690266,Soarin
2017-06-04,65.43478260869566,Soarin
2017-06-05,54.72222222222222,Soarin
2017-06-06,84.95934959349593,Soarin
2017-06-07,65.67567567567568,Soarin
2017-06-08,64.69565217391305,Soarin
2017-06-09,44.2436974789916,Soarin
2017-06-10,30.550847457627118,Soarin
2017-06-11,41.23893805309734,Soarin
2017-06-12,47.544642857142854,Soarin
2017-06-13,56.811023622047244,Soarin
2017-06-14,42.30769230769231,Soarin
2017-06-15,40.56910569105691,Soarin
2017-06-16,40.97222222222222,Soarin
2017-06-17,33.125,Soarin
2017-06-18,32.78761061946903,Soarin
2017-06-19,39.19047619047619,Soarin
2017-06-20,40.51587301587302,Soarin
2017-06-21,43.072916666666664,Soarin
2017-06-22,34.53389830508475,Soarin
2017-06-23,34.625,Soarin
2017-06-24,32.47933884297521,Soarin
2017-06-25,39.64601769911504,Soarin
2017-06-26,45.950413223140494,Soarin
2017-06-27,52.42424242424242,Soarin
2017-06-28,52.95275590551181,Soarin
2017-06-29,50.6910569105691,Soarin
2017-06-30,35.35398230088496,Soarin
2017-07-01,47.93859649122807,Soarin
2017-07-02,43.813559322033896,Soarin
2017-07-03,45.9051724137931,Soarin
2017-07-04,59.81481481481482,Soarin
2017-07-05,36.228070175438596,Soarin
2017-07-06,39.16030534351145,Soarin
2017-07-07,32.56637168141593,Soarin
2017-07-08,34.91596638655462,Soarin
2017-07-09,34.151785714285715,Soarin
2017-07-10,40.68376068376068,Soarin
2017-07-11,44.148936170212764,Soarin
2017-07-12,37.16216216216216,Soarin
2017-07-13,39.36,Soarin
2017-07-14,47.610619469026545,Soarin
2017-07-15,31.946902654867255,Soarin
2017-07-16,31.106194690265486,Soarin
2017-07-17,36.71052631578947,Soarin
2017-07-18,51.78832116788321,Soarin
2017-07-19,43.034188034188034,Soarin
2017-07-20,42.66949152542373,Soarin
2017-07-21,41.94690265486726,Soarin
2017-07-22,38.92857142857143,Soarin
2017-07-23,37.47826086956522,Soarin
2017-07-24,45.33898305084746,Soarin
2017-07-25,52.80769230769231,Soarin
2017-07-26,44.95614035087719,Soarin
2017-07-27,37.096774193548384,Soarin
2017-07-28,30.635593220338983,Soarin
2017-07-29,37.025862068965516,Soarin
2017-07-30,37.93103448275862,Soarin
2017-07-31,47.1551724137931,Soarin
2017-08-01,44.20863309352518,Soarin
2017-08-02,40.267857142857146,Soarin
2017-08-03,43.58870967741935,Soarin
2017-08-04,37.544642857142854,Soarin
2017-08-05,41.44736842105263,Soarin
2017-08-06,43.706896551724135,Soarin
2017-08-07,38.46774193548387,Soarin
2017-08-08,51.0546875,Soarin
2017-08-09,36.291666666666664,Soarin
2017-08-10,34.803149606299215,Soarin
2017-08-11,40.0,Soarin
2017-08-12,47.136752136752136,Soarin
2017-08-13,41.398305084745765,Soarin
2017-08-14,42.89915966386555,Soarin
2017-08-15,46.01449275362319,Soarin
2017-08-16,41.557377049180324,Soarin
2017-08-17,39.69924812030075,Soarin
2017-08-18,33.83720930232558,Soarin
2017-08-19,38.958333333333336,Soarin
2017-08-20,42.31707317073171,Soarin
2017-08-21,47.24576271186441,Soarin
2017-08-22,44.07142857142857,Soarin
2017-08-23,38.264462809917354,Soarin
2017-08-24,36.98412698412698,Soarin
2017-08-25,40.49107142857143,Soarin
2017-08-26,34.38461538461539,Soarin
2017-08-27,33.42741935483871,Soarin
2017-08-28,32.80487804878049,Soarin
2017-08-29,52.5735294117647,Soarin
2017-08-30,22.60330578512397,Soarin
2017-08-31,22.69503546099291,Soarin
2017-09-01,25.150375939849624,Soarin
2017-09-02,62.69230769230769,Soarin
2017-09-03,51.77685950413223,Soarin
2017-09-04,35.604838709677416,Soarin
2017-09-05,28.093525179856115,Soarin
2017-09-06,17.418032786885245,Soarin
2017-09-07,20.813953488372093,Soarin
2017-09-08,28.194444444444443,Soarin
2017-09-09,20.086206896551722,Soarin
2017-09-10,,Soarin
2017-09-11,,Soarin
2017-09-12,37.649253731343286,Soarin
2017-09-13,13.26086956521739,Soarin
2017-09-14,12.9296875,Soarin
2017-09-15,23.306451612903224,Soarin
2017-09-16,29.541984732824428,Soarin
2017-09-17,31.228813559322035,Soarin
2017-09-18,29.4672131147541,Soarin
2017-09-19,31.037037037037038,Soarin
2017-09-20,36.769911504424776,Soarin
2017-09-21,30.23076923076923,Soarin
2017-09-22,42.63358778625954,Soarin
2017-09-23,41.97674418604651,Soarin
2017-09-24,37.83783783783784,Soarin
2017-09-25,31.52542372881356,Soarin
2017-09-26,31.76691729323308,Soarin
2017-09-27,26.932773109243698,Soarin
2017-09-28,29.384057971014492,Soarin
2017-09-29,33.125,Soarin
2017-09-30,41.2992125984252,Soarin
2017-10-01,46.608695652173914,Soarin
2017-10-02,54.08,Soarin
2017-10-03,33.201438848920866,Soarin
2017-10-04,32.5,Soarin
2017-10-05,25.967741935483872,Soarin
2017-10-06,45.703125,Soarin
2017-10-07,60.542635658914726,Soarin
2017-10-08,64.78448275862068,Soarin
2017-10-09,65.43103448275862,Soarin
2017-10-10,56.57692307692308,Soarin
2017-10-11,45.38793103448276,Soarin
2017-10-12,39.92,Soarin
2017-10-13,51.81818181818182,Soarin
2017-10-14,57.93388429752066,Soarin
2017-10-15,45.78947368421053,Soarin
2017-10-16,52.39837398373984,Soarin
2017-10-17,55.44444444444444,Soarin
2017-10-18,41.58119658119658,Soarin
2017-10-19,45.2,Soarin
2017-10-20,59.10852713178294,Soarin
2017-10-21,60.564516129032256,Soarin
2017-10-22,47.65217391304348,Soarin
2017-10-23,40.775862068965516,Soarin
2017-10-24,48.35820895522388,Soarin
2017-10-25,35.04424778761062,Soarin
2017-10-26,35.76,Soarin
2017-10-27,41.88,Soarin
2017-10-28,53.266129032258064,Soarin
2017-10-29,44.76744186046512,Soarin
2017-10-30,41.88034188034188,Soarin
2017-10-31,25.689655172413794,Soarin
2017-11-01,31.41732283464567,Soarin
2017-11-02,29.44,Soarin
2017-11-03,32.79527559055118,Soarin
2017-11-04,47.82258064516129,Soarin
2017-11-05,45.21186440677966,Soarin
2017-11-06,55.17094017094017,Soarin
2017-11-07,50.785714285714285,Soarin
2017-11-08,50.46610169491525,Soarin
2017-11-09,53.55555555555556,Soarin
2017-11-10,67.61904761904762,Soarin
2017-11-11,62.82051282051282,Soarin
2017-11-12,53.82608695652174,Soarin
2017-11-13,57.622950819672134,Soarin
2017-11-14,36.44827586206897,Soarin
2017-11-15,30.92920353982301,Soarin
2017-11-16,34.549180327868854,Soarin
2017-11-17,36.08108108108108,Soarin
2017-11-18,41.810344827586206,Soarin
2017-11-19,93.92857142857143,Soarin
2017-11-20,93.66666666666667,Soarin
2017-11-21,79.74074074074075,Soarin
2017-11-22,83.73983739837398,Soarin
2017-11-23,64.66101694915254,Soarin
2017-11-24,73.59375,Soarin
2017-11-25,69.41176470588235,Soarin
2017-11-26,44.8780487804878,Soarin
2017-11-27,35.16949152542373,Soarin
2017-11-28,37.28260869565217,Soarin
2017-11-29,27.791666666666668,Soarin
2017-11-30,41.09154929577465,Soarin
2017-12-01,40.82644628099174,Soarin
2017-12-02,39.78813559322034,Soarin
2017-12-03,39.12698412698413,Soarin
2017-12-04,35.99236641221374,Soarin
2017-12-05,37.035714285714285,Soarin
2017-12-06,33.1294964028777,Soarin
2017-12-07,39.465648854961835,Soarin
2017-12-08,56.92307692307692,Soarin
2017-12-09,42.03125,Soarin
2017-12-10,50.33582089552239,Soarin
2017-12-11,53.28125,Soarin
2017-12-12,44.60732984293194,Soarin
2017-12-13,39.770992366412216,Soarin
2017-12-14,38.89312977099237,Soarin
2017-12-15,43.02521008403362,Soarin
2017-12-16,57.890625,Soarin
2017-12-17,67.23021582733813,Soarin
2017-12-18,52.8968253968254,Soarin
2017-12-19,71.83206106870229,Soarin
2017-12-20,47.90816326530612,Soarin
2017-12-21,54.732824427480914,Soarin
2017-12-22,56.829268292682926,Soarin
2017-12-23,49.586776859504134,Soarin
2017-12-24,56.74603174603175,Soarin
2017-12-25,69.6875,Soarin
2017-12-26,74.65034965034965,Soarin
2017-12-27,73.72262773722628,Soarin
2017-12-28,75.72368421052632,Soarin
2017-12-29,78.18181818181819,Soarin
2017-12-30,77.53472222222223,Soarin
2017-12-31,145.77639751552795,Soarin
2018-01-01,54.92481203007519,Soarin
2018-01-02,63.82608695652174,Soarin
2018-01-03,46.583333333333336,Soarin
2018-01-04,79.54545454545455,Soarin
2018-01-05,65.76612903225806,Soarin
2018-01-06,54.74576271186441,Soarin
2018-01-07,44.955357142857146,Soarin
2018-01-08,47.75,Soarin
2018-01-09,36.22222222222222,Soarin
2018-01-10,34.075630252100844,Soarin
2018-01-11,34.92063492063492,Soarin
2018-01-12,35.69672131147541,Soarin
2018-01-13,60.67226890756302,Soarin
2018-01-14,64.66666666666667,Soarin
2018-01-15,47.583333333333336,Soarin
2018-01-16,35.859375,Soarin
2018-01-17,35.39823008849557,Soarin
2018-01-18,36.268115942028984,Soarin
2018-01-19,34.54545454545455,Soarin
2018-01-20,48.36,Soarin
2018-01-21,41.837606837606835,Soarin
2018-01-22,48.504273504273506,Soarin
2018-01-23,34.851851851851855,Soarin
2018-01-24,40.1271186440678,Soarin
2018-01-25,33.65853658536585,Soarin
2018-01-26,45.778688524590166,Soarin
2018-01-27,51.02564102564103,Soarin
2018-01-28,36.99186991869919,Soarin
2018-01-29,39.81060606060606,Soarin
2018-01-30,40.0,Soarin
2018-01-31,33.67256637168141,Soarin
2018-02-01,31.8,Soarin
2018-02-02,44.64601769911504,Soarin
2018-02-03,52.301587301587304,Soarin
2018-02-04,38.00813008130081,Soarin
2018-02-05,47.636986301369866,Soarin
2018-02-06,36.09375,Soarin
2018-02-07,31.5625,Soarin
2018-02-08,37.82258064516129,Soarin
2018-02-09,60.575221238938056,Soarin
2018-02-10,53.37719298245614,Soarin
2018-02-11,53.36283185840708,Soarin
2018-02-12,63.4070796460177,Soarin
2018-02-13,50.57692307692308,Soarin
2018-02-14,47.142857142857146,Soarin
2018-02-15,48.75,Soarin
2018-02-16,60.24390243902439,Soarin
2018-02-17,75.5,Soarin
2018-02-18,90.8130081300813,Soarin
2018-02-19,65.87719298245614,Soarin
2018-02-20,61.38059701492537,Soarin
2018-02-21,50.46610169491525,Soarin
2018-02-22,42.52066115702479,Soarin
2018-02-23,44.256198347107436,Soarin
2018-02-24,41.98275862068966,Soarin
2018-02-25,35.97457627118644,Soarin
2018-02-26,37.08661417322835,Soarin
2018-02-27,31.801470588235293,Soarin
2018-02-28,43.0672268907563,Soarin
2018-03-01,30.9765625,Soarin
2018-03-02,40.8974358974359,Soarin
2018-03-03,59.0948275862069,Soarin
2018-03-04,49.95652173913044,Soarin
2018-03-05,48.14049586776859,Soarin
2018-03-06,40.714285714285715,Soarin
2018-03-07,38.07017543859649,Soarin
2018-03-08,42.421875,Soarin
2018-03-09,48.584070796460175,Soarin
2018-03-10,60.17094017094017,Soarin
2018-03-11,56.88034188034188,Soarin
2018-03-12,60.26086956521739,Soarin
2018-03-13,72.25190839694656,Soarin
2018-03-14,64.87068965517241,Soarin
2018-03-15,57.5,Soarin
2018-03-16,52.280701754385966,Soarin
2018-03-17,59.70338983050848,Soarin
2018-03-18,41.03305785123967,Soarin
2018-03-19,48.3955223880597,Soarin
2018-03-20,32.4113475177305,Soarin
2018-03-21,42.107438016528924,Soarin
2018-03-22,46.00806451612903,Soarin
2018-03-23,68.0603448275862,Soarin
2018-03-24,50.08620689655172,Soarin
2018-03-25,57.958333333333336,Soarin
2018-03-26,71.23893805309734,Soarin
2018-03-27,77.70676691729324,Soarin
2018-03-28,78.03418803418803,Soarin
2018-03-29,64.3359375,Soarin
2018-03-30,72.54098360655738,Soarin
2018-03-31,83.48214285714286,Soarin
2018-04-01,66.75,Soarin
2018-04-02,76.625,Soarin
2018-04-03,87.44360902255639,Soarin
2018-04-04,81.48305084745763,Soarin
2018-04-05,72.04545454545455,Soarin
2018-04-06,62.47863247863248,Soarin
2018-04-07,55.38135593220339,Soarin
2018-04-08,41.42857142857143,Soarin
2018-04-09,31.178861788617887,Soarin
2018-04-10,22.050359712230215,Soarin
2018-04-11,29.06779661016949,Soarin
2018-04-12,29.64,Soarin
2018-04-13,36.875,Soarin
2018-04-14,47.54032258064516,Soarin
2018-04-15,34.916666666666664,Soarin
2018-04-16,44.83606557377049,Soarin
2018-04-17,39.851851851851855,Soarin
2018-04-18,28.865546218487395,Soarin
2018-04-19,26.0,Soarin
2018-04-20,40.67226890756302,Soarin
2018-04-21,49.03361344537815,Soarin
2018-04-22,37.73109243697479,Soarin
2018-04-23,29.34426229508197,Soarin
2018-04-24,26.59090909090909,Soarin
2018-04-25,25.92920353982301,Soarin
2018-04-26,27.440944881889763,Soarin
2018-04-27,35.17857142857143,Soarin
2018-04-28,44.075630252100844,Soarin
2018-04-29,38.17796610169491,Soarin
2018-04-30,32.81512605042017,Soarin
2018-05-01,28.823529411764707,Soarin
2018-05-02,23.632478632478634,Soarin
2018-05-03,25.867768595041323,Soarin
2018-05-04,34.823008849557525,Soarin
2018-05-05,51.293103448275865,Soarin
2018-05-06,44.09090909090909,Soarin
2018-05-07,37.142857142857146,Soarin
2018-05-08,29.45378151260504,Soarin
2018-05-09,18.75,Soarin
2018-05-10,30.416666666666668,Soarin
2018-05-11,28.0,Soarin
2018-05-12,65.0,Soarin
2018-05-13,53.83177570093458,Soarin
2018-05-14,40.72,Soarin
2018-05-15,31.964285714285715,Soarin
2018-05-16,33.78260869565217,Soarin
2018-05-17,30.16260162601626,Soarin
2018-05-18,30.0,Soarin
2018-05-19,38.49557522123894,Soarin
2018-05-20,45.64102564102564,Soarin
2018-05-21,30.956521739130434,Soarin
2018-05-22,32.18518518518518,Soarin
2018-05-23,25.0,Soarin
2018-05-24,23.41269841269841,Soarin
2018-05-25,42.2972972972973,Soarin
2018-05-26,52.11864406779661,Soarin
2018-05-27,60.50847457627118,Soarin
2018-05-28,51.769911504424776,Soarin
2018-05-29,40.93984962406015,Soarin
2018-05-30,37.351190476190474,Soarin
2018-05-31,35.968992248062015,Soarin
2018-06-01,34.95762711864407,Soarin
2018-06-02,44.823008849557525,Soarin
2018-06-03,44.65217391304348,Soarin
2018-06-04,48.166666666666664,Soarin
2018-06-05,60.94202898550725,Soarin
2018-06-06,39.40677966101695,Soarin
2018-06-07,33.75,Soarin
2018-06-08,36.45669291338583,Soarin
2018-06-09,41.86440677966102,Soarin
2018-06-10,39.152542372881356,Soarin
2018-06-11,44.333333333333336,Soarin
2018-06-12,46.285714285714285,Soarin
2018-06-13,39.30434782608695,Soarin
2018-06-14,35.625,Soarin
2018-06-15,34.65811965811966,Soarin
2018-06-16,45.32258064516129,Soarin
2018-06-17,38.47826086956522,Soarin
2018-06-18,38.97435897435897,Soarin
2018-06-19,41.70289855072464,Soarin
2018-06-20,34.2436974789916,Soarin
2018-06-21,50.23076923076923,Soarin
2018-06-22,42.06611570247934,Soarin
2018-06-23,55.08196721311475,Soarin
2018-06-24,43.36,Soarin
2018-06-25,42.73913043478261,Soarin
2018-06-26,46.30281690140845,Soarin
2018-06-27,42.69230769230769,Soarin
2018-06-28,41.875,Soarin
2018-06-29,48.23275862068966,Soarin
2018-06-30,32.56637168141593,Soarin
2018-07-01,34.18803418803419,Soarin
2018-07-02,39.666666666666664,Soarin
2018-07-03,31.779661016949152,Soarin
2018-07-04,54.125,Soarin
2018-07-05,35.942622950819676,Soarin
2018-07-06,25.161290322580644,Soarin
2018-07-07,36.939655172413794,Soarin
2018-07-08,28.931623931623932,Soarin
2018-07-09,35.583333333333336,Soarin
2018-07-10,40.97014925373134,Soarin
2018-07-11,27.60683760683761,Soarin
2018-07-12,30.040650406504064,Soarin
2018-07-13,24.434782608695652,Soarin
2018-07-14,25.99206349206349,Soarin
2018-07-15,32.389380530973455,Soarin
2018-07-16,37.463235294117645,Soarin
2018-07-17,33.34586466165413,Soarin
2018-07-18,30.0,Soarin
2018-07-19,31.311475409836067,Soarin
2018-07-20,24.918032786885245,Soarin
2018-07-21,25.219298245614034,Soarin
2018-07-22,30.350877192982455,Soarin
2018-07-23,33.584070796460175,Soarin
2018-07-24,32.81954887218045,Soarin
2018-07-25,29.82905982905983,Soarin
2018-07-26,32.8125,Soarin
2018-07-27,29.869565217391305,Soarin
2018-07-28,30.57017543859649,Soarin
2018-07-29,27.54310344827586,Soarin
2018-07-30,28.103448275862068,Soarin
