Date,Actual Line Time
2015-01-01,41.2
2015-01-02,26.0
2015-01-03,30.0
2015-01-04,
2015-01-05,21.0
2015-01-06,11.0
2015-01-07,36.0
2015-01-08,29.666666666666668
2015-01-09,42.0
2015-01-10,40.333333333333336
2015-01-11,11.4
2015-01-12,18.333333333333332
2015-01-13,34.25
2015-01-14,
2015-01-15,34.0
2015-01-16,28.666666666666668
2015-01-17,20.5
2015-01-18,47.0
2015-01-19,26.333333333333332
2015-01-20,72.0
2015-01-21,
2015-01-22,32.75
2015-01-23,29.666666666666668
2015-01-24,6.0
2015-01-25,13.666666666666666
2015-01-26,20.1
2015-01-27,12.0
2015-01-28,16.0
2015-01-29,
2015-01-30,64.0
2015-01-31,23.0
2015-02-01,39.666666666666664
2015-02-02,86.0
2015-02-03,20.0
2015-02-04,9.0
2015-02-05,12.0
2015-02-06,37.5
2015-02-07,7.6
2015-02-08,
2015-02-09,15.0
2015-02-10,32.0
2015-02-11,
2015-02-12,33.5
2015-02-13,40.8
2015-02-14,34.0
2015-02-15,43.75
2015-02-16,37.0
2015-02-17,94.66666666666667
2015-02-18,
2015-02-19,42.0
2015-02-20,36.5
2015-02-21,27.0
2015-02-22,36.75
2015-02-23,22.5
2015-02-24,16.666666666666668
2015-02-25,29.0
2015-02-26,24.0
2015-02-27,
2015-02-28,12.0
2015-03-01,19.0
2015-03-02,46.0
2015-03-03,27.0
2015-03-04,14.5
2015-03-05,30.8
2015-03-06,18.5
2015-03-07,16.0
2015-03-08,27.75
2015-03-09,13.0
2015-03-10,
2015-03-11,
2015-03-12,30.75
2015-03-13,34.0
2015-03-14,35.75
2015-03-15,7.5
2015-03-16,8.0
2015-03-17,67.0
2015-03-18,31.0
2015-03-19,33.0
2015-03-20,21.666666666666668
2015-03-21,51.0
2015-03-22,24.666666666666668
2015-03-23,31.5
2015-03-24,25.0
2015-03-25,
2015-03-26,25.5
2015-03-27,14.5
2015-03-28,
2015-03-29,23.666666666666668
2015-03-30,45.0
2015-03-31,
2015-04-01,62.0
2015-04-02,
2015-04-03,
2015-04-04,33.5
2015-04-05,17.333333333333332
2015-04-06,18.0
2015-04-07,45.333333333333336
2015-04-08,38.666666666666664
2015-04-09,36.25
2015-04-10,41.8
2015-04-11,36.666666666666664
2015-04-12,26.5
2015-04-13,19.0
2015-04-14,23.4
2015-04-15,21.0
2015-04-16,7.5
2015-04-17,7.333333333333333
2015-04-18,10.5
2015-04-19,35.0
2015-04-20,36.5
2015-04-21,25.0
2015-04-22,15.0
2015-04-23,39.0
2015-04-24,
2015-04-25,
2015-04-26,32.0
2015-04-27,60.0
2015-04-28,
2015-04-29,
2015-04-30,25.0
2015-05-01,24.5
2015-05-02,38.0
2015-05-03,25.0
2015-05-04,30.333333333333332
2015-05-05,20.0
2015-05-06,13.4
2015-05-07,38.0
2015-05-08,14.333333333333334
2015-05-09,14.2
2015-05-10,16.75
2015-05-11,27.666666666666668
2015-05-12,
2015-05-13,14.428571428571429
2015-05-14,36.0
2015-05-15,39.0
2015-05-16,113.0
2015-05-17,
2015-05-18,24.333333333333332
2015-05-19,24.2
2015-05-20,18.0
2015-05-21,19.5
2015-05-22,46.0
2015-05-23,43.0
2015-05-24,
2015-05-25,23.75
2015-05-26,
2015-05-27,24.25
2015-05-28,30.714285714285715
2015-05-29,
2015-05-30,
2015-05-31,
2015-06-01,20.5
2015-06-02,37.0
2015-06-03,16.0
2015-06-04,37.25
2015-06-05,27.0
2015-06-06,18.5
2015-06-07,23.0
2015-06-08,52.333333333333336
2015-06-09,45.142857142857146
2015-06-10,20.833333333333332
2015-06-11,25.666666666666668
2015-06-12,44.0
2015-06-13,27.875
2015-06-14,27.0
2015-06-15,27.6
2015-06-16,29.0
2015-06-17,69.0
2015-06-18,47.0
2015-06-19,35.0
2015-06-20,25.571428571428573
2015-06-21,27.0
2015-06-22,16.8
2015-06-23,39.333333333333336
2015-06-24,35.0
2015-06-25,12.0
2015-06-26,
2015-06-27,24.0
2015-06-28,21.0
2015-06-29,17.0
2015-06-30,21.333333333333332
2015-07-01,
2015-07-02,
2015-07-03,35.0
2015-07-04,12.0
2015-07-05,17.0
2015-07-06,
2015-07-07,24.0
2015-07-08,22.0
2015-07-09,32.666666666666664
2015-07-10,25.0
2015-07-11,
2015-07-12,
2015-07-13,
2015-07-14,9.0
2015-07-15,8.0
2015-07-16,55.5
2015-07-17,
2015-07-18,18.0
2015-07-19,40.75
2015-07-20,21.5
2015-07-21,
2015-07-22,12.0
2015-07-23,
2015-07-24,33.0
2015-07-25,28.0
2015-07-26,27.0
2015-07-27,21.5
2015-07-28,59.5
2015-07-29,
2015-07-30,
2015-07-31,65.0
2015-08-01,33.0
2015-08-02,42.0
2015-08-03,51.5
2015-08-04,26.333333333333332
2015-08-05,26.0
2015-08-06,60.0
2015-08-07,
2015-08-08,14.5
2015-08-09,42.0
2015-08-10,
2015-08-11,41.5
2015-08-12,13.0
2015-08-13,25.5
2015-08-14,29.25
2015-08-15,36.0
2015-08-16,27.375
2015-08-17,
2015-08-18,
2015-08-19,58.0
2015-08-20,25.0
2015-08-21,29.5
2015-08-22,35.25
2015-08-23,30.0
2015-08-24,23.4
2015-08-25,18.6
2015-08-26,24.25
2015-08-27,22.0
2015-08-28,14.5
2015-08-29,9.333333333333334
2015-08-30,12.666666666666666
2015-08-31,7.75
2015-09-01,17.0
2015-09-02,15.5
2015-09-03,18.333333333333332
2015-09-04,18.0
2015-09-05,13.0
2015-09-06,
2015-09-07,24.9
2015-09-08,18.0
2015-09-09,15.75
2015-09-10,23.0
2015-09-11,20.0
2015-09-12,15.666666666666666
2015-09-13,16.5
2015-09-14,19.571428571428573
2015-09-15,20.8
2015-09-16,25.0
2015-09-17,16.75
2015-09-18,43.0
2015-09-19,15.0
2015-09-20,15.0
2015-09-21,27.2
2015-09-22,27.0
2015-09-23,25.666666666666668
2015-09-24,16.0
2015-09-25,54.5
2015-09-26,15.333333333333334
2015-09-27,13.666666666666666
2015-09-28,28.0
2015-09-29,15.285714285714286
2015-09-30,28.666666666666668
2015-10-01,21.0
2015-10-02,24.5
2015-10-03,17.5
2015-10-04,21.75
2015-10-05,21.0
2015-10-06,10.0
2015-10-07,13.0
2015-10-08,27.75
2015-10-09,
2015-10-10,70.5
2015-10-11,
2015-10-12,36.0
2015-10-13,34.5
2015-10-14,
2015-10-15,34.2
2015-10-16,25.75
2015-10-17,37.4
2015-10-18,13.5
2015-10-19,23.5
2015-10-20,26.833333333333332
2015-10-21,21.333333333333332
2015-10-22,15.25
2015-10-23,28.25
2015-10-24,17.5
2015-10-25,42.0
2015-10-26,32.5
2015-10-27,37.5
2015-10-28,25.5
2015-10-29,24.0
2015-10-30,19.333333333333332
2015-10-31,14.2
2015-11-01,8.0
2015-11-02,29.666666666666668
2015-11-03,47.333333333333336
2015-11-04,12.6
2015-11-05,16.5
2015-11-06,14.0
2015-11-07,18.666666666666668
2015-11-08,42.5
2015-11-09,25.25
2015-11-10,21.333333333333332
2015-11-11,46.5
2015-11-12,27.833333333333332
2015-11-13,33.666666666666664
2015-11-14,23.6
2015-11-15,34.0
2015-11-16,28.25
2015-11-17,24.333333333333332
2015-11-18,39.6
2015-11-19,20.285714285714285
2015-11-20,20.333333333333332
2015-11-21,32.4
2015-11-22,25.5
2015-11-23,15.666666666666666
2015-11-24,19.0
2015-11-25,41.0
2015-11-26,43.0
2015-11-27,42.0
2015-11-28,11.0
2015-11-29,26.666666666666668
2015-11-30,42.0
2015-12-01,17.8
2015-12-02,18.625
2015-12-03,14.0
2015-12-04,28.666666666666668
2015-12-05,26.75
2015-12-06,
2015-12-07,12.666666666666666
2015-12-08,19.0
2015-12-09,12.5
2015-12-10,18.0
2015-12-11,33.0
2015-12-12,10.3
2015-12-13,26.125
2015-12-14,31.0
2015-12-15,28.333333333333332
2015-12-16,18.6
2015-12-17,26.8
2015-12-18,39.42857142857143
2015-12-19,39.666666666666664
2015-12-20,65.0
2015-12-21,35.8
2015-12-22,75.5
2015-12-23,35.0
2015-12-24,20.75
2015-12-25,
2015-12-26,
2015-12-27,
2015-12-28,49.5
2015-12-29,78.0
2015-12-30,154.0
2015-12-31,65.0
2016-01-01,
2016-01-02,53.5
2016-01-03,27.4
2016-01-04,9.0
2016-01-05,92.0
2016-01-06,30.0
2016-01-07,5.0
2016-01-08,16.0
2016-01-09,63.0
2016-01-10,
2016-01-11,21.666666666666668
2016-01-12,21.25
2016-01-13,
2016-01-14,25.666666666666668
2016-01-15,23.0
2016-01-16,92.0
2016-01-17,46.666666666666664
2016-01-18,62.0
2016-01-19,
2016-01-20,13.0
2016-01-21,32.75
2016-01-22,22.5
2016-01-23,4.666666666666667
2016-01-24,
2016-01-25,31.0
2016-01-26,18.88888888888889
2016-01-27,20.0
2016-01-28,16.75
2016-01-29,35.0
2016-01-30,19.2
2016-01-31,12.285714285714286
2016-02-01,14.8
2016-02-02,22.25
2016-02-03,19.0
2016-02-04,37.0
2016-02-05,19.333333333333332
2016-02-06,24.0
2016-02-07,16.0
2016-02-08,27.0
2016-02-09,
2016-02-10,18.0
2016-02-11,44.333333333333336
2016-02-12,37.5
2016-02-13,42.0
2016-02-14,20.2
2016-02-15,22.0
2016-02-16,
2016-02-17,29.166666666666668
2016-02-18,68.0
2016-02-19,51.5
2016-02-20,44.2
2016-02-21,21.6
2016-02-22,21.0
2016-02-23,
2016-02-24,5.0
2016-02-25,2.3333333333333335
2016-02-26,32.0
2016-02-27,53.0
2016-02-28,13.666666666666666
2016-02-29,46.0
2016-03-01,14.0
2016-03-02,4.0
2016-03-03,26.0
2016-03-04,25.0
2016-03-05,37.0
2016-03-06,
2016-03-07,30.714285714285715
2016-03-08,46.0
2016-03-09,15.2
2016-03-10,
2016-03-11,35.666666666666664
2016-03-12,
2016-03-13,53.5
2016-03-14,63.0
2016-03-15,43.0
2016-03-16,56.0
2016-03-17,15.0
2016-03-18,22.0
2016-03-19,46.0
2016-03-20,20.0
2016-03-21,26.25
2016-03-22,16.0
2016-03-23,52.0
2016-03-24,33.0
2016-03-25,120.0
2016-03-26,
2016-03-27,43.4
2016-03-28,56.0
2016-03-29,20.0
2016-03-30,
2016-03-31,42.0
2016-04-01,36.5
2016-04-02,
2016-04-03,31.0
2016-04-04,38.0
2016-04-05,45.1
2016-04-06,71.5
2016-04-07,12.0
2016-04-08,26.5
2016-04-09,34.5
2016-04-10,18.5
2016-04-11,10.0
2016-04-12,28.0
2016-04-13,
2016-04-14,27.5
2016-04-15,21.0
2016-04-16,17.5
2016-04-17,14.0
2016-04-18,46.0
2016-04-19,26.5
2016-04-20,23.5
2016-04-21,31.0
2016-04-22,32.333333333333336
2016-04-23,43.25
2016-04-24,
2016-04-25,50.0
2016-04-26,38.333333333333336
2016-04-27,61.5
2016-04-28,6.0
2016-04-29,114.0
2016-04-30,36.5
2016-05-01,25.0
2016-05-02,18.0
2016-05-03,14.222222222222221
2016-05-04,16.0
2016-05-05,
2016-05-06,17.0
2016-05-07,6.0
2016-05-08,17.6
2016-05-09,22.666666666666668
2016-05-10,11.555555555555555
2016-05-11,12.0
2016-05-12,
2016-05-13,33.2
2016-05-14,
2016-05-15,26.333333333333332
2016-05-16,19.5
2016-05-17,26.833333333333332
2016-05-18,17.666666666666668
2016-05-19,8.666666666666666
2016-05-20,19.0
2016-05-21,
2016-05-22,16.0
2016-05-23,35.75
2016-05-24,17.0
2016-05-25,55.0
2016-05-26,16.0
2016-05-27,19.0
2016-05-28,41.0
2016-05-29,31.428571428571427
2016-05-30,15.0
2016-05-31,
2016-06-01,76.5
2016-06-02,63.0
2016-06-03,28.333333333333332
2016-06-04,16.0
2016-06-05,43.5
2016-06-06,21.0
2016-06-07,
2016-06-08,48.5
2016-06-09,28.0
2016-06-10,28.0
2016-06-11,45.5
2016-06-12,21.333333333333332
2016-06-13,57.666666666666664
2016-06-14,31.0
2016-06-15,
2016-06-16,55.0
2016-06-17,40.8
2016-06-18,27.0
2016-06-19,16.571428571428573
2016-06-20,17.0
2016-06-21,36.5
2016-06-22,23.0
2016-06-23,28.0
2016-06-24,
2016-06-25,53.0
2016-06-26,10.0
2016-06-27,
2016-06-28,
2016-06-29,24.5
2016-06-30,37.0
2016-07-01,40.0
2016-07-02,27.0
2016-07-03,32.25
2016-07-04,
2016-07-05,45.0
2016-07-06,9.0
2016-07-07,21.0
2016-07-08,49.5
2016-07-09,
2016-07-10,13.0
2016-07-11,
2016-07-12,
2016-07-13,
2016-07-14,24.5
2016-07-15,43.8
2016-07-16,32.0
2016-07-17,
2016-07-18,
2016-07-19,40.0
2016-07-20,44.5
2016-07-21,30.0
2016-07-22,75.0
2016-07-23,
2016-07-24,66.66666666666667
2016-07-25,14.0
2016-07-26,
2016-07-27,
2016-07-28,22.25
2016-07-29,
2016-07-30,15.0
2016-07-31,23.5
2016-08-01,32.0
2016-08-02,
2016-08-03,21.0
2016-08-04,
2016-08-05,36.333333333333336
2016-08-06,10.0
2016-08-07,13.0
2016-08-08,35.0
2016-08-09,13.0
2016-08-10,
2016-08-11,30.0
2016-08-12,
2016-08-13,
2016-08-14,28.5
2016-08-15,48.0
2016-08-16,
2016-08-17,27.0
2016-08-18,
2016-08-19,25.6
2016-08-20,
2016-08-21,30.5
2016-08-22,20.0
2016-08-23,6.5
2016-08-24,41.625
2016-08-25,30.5
2016-08-26,22.0
2016-08-27,24.5
2016-08-28,83.0
2016-08-29,24.0
2016-08-30,13.5
2016-08-31,37.0
2016-09-01,8.0
2016-09-02,
2016-09-03,16.0
2016-09-04,39.0
2016-09-05,15.0
2016-09-06,14.333333333333334
2016-09-07,11.0
2016-09-08,26.0
2016-09-09,
2016-09-10,
2016-09-11,28.0
2016-09-12,25.0
2016-09-13,5.0
2016-09-14,12.8
2016-09-15,16.0
2016-09-16,39.0
2016-09-17,
2016-09-18,8.5
2016-09-19,27.8
2016-09-20,25.5
2016-09-21,11.0
2016-09-22,20.555555555555557
2016-09-23,
2016-09-24,37.0
2016-09-25,14.25
2016-09-26,18.2
2016-09-27,10.75
2016-09-28,32.0
2016-09-29,15.0
2016-09-30,24.428571428571427
2016-10-01,
2016-10-02,17.0
2016-10-03,
2016-10-04,10.0
2016-10-05,36.5
2016-10-06,17.5
2016-10-07,
2016-10-08,31.5
2016-10-09,22.666666666666668
2016-10-10,11.0
2016-10-11,29.0
2016-10-12,16.0
2016-10-13,21.0
2016-10-14,47.5
2016-10-15,
2016-10-16,22.0
2016-10-17,45.0
2016-10-18,
2016-10-19,10.0
2016-10-20,47.0
2016-10-21,40.0
2016-10-22,45.0
2016-10-23,27.0
2016-10-24,36.333333333333336
2016-10-25,19.8
2016-10-26,20.0
2016-10-27,
2016-10-28,
2016-10-29,
2016-10-30,
2016-10-31,
2016-11-01,
2016-11-02,
2016-11-03,
2016-11-04,
2016-11-05,
2016-11-06,
2016-11-07,
2016-11-08,
2016-11-09,
2016-11-10,34.45454545454545
2016-11-11,39.0
2016-11-12,20.0
2016-11-13,22.0
2016-11-14,17.0
2016-11-15,28.0
2016-11-16,12.6
2016-11-17,26.0
2016-11-18,18.571428571428573
2016-11-19,
2016-11-20,22.333333333333332
2016-11-21,74.5
2016-11-22,45.333333333333336
2016-11-23,
2016-11-24,
2016-11-25,29.5
2016-11-26,
2016-11-27,
2016-11-28,25.0
2016-11-29,3.0
2016-11-30,8.0
2016-12-01,32.4
2016-12-02,28.0
2016-12-03,13.666666666666666
2016-12-04,33.0
2016-12-05,12.0
2016-12-06,36.0
2016-12-07,29.5
2016-12-08,40.5
2016-12-09,16.5
2016-12-10,15.0
2016-12-11,29.333333333333332
2016-12-12,68.5
2016-12-13,37.0
2016-12-14,
2016-12-15,39.333333333333336
2016-12-16,38.0
2016-12-17,29.333333333333332
2016-12-18,36.5
2016-12-19,49.0
2016-12-20,38.0
2016-12-21,22.0
2016-12-22,39.0
2016-12-23,12.0
2016-12-24,
2016-12-25,25.0
2016-12-26,7.0
2016-12-27,48.0
2016-12-28,18.0
2016-12-29,53.0
2016-12-30,12.0
2016-12-31,
2017-01-01,
2017-01-02,22.333333333333332
2017-01-03,22.0
2017-01-04,36.0
2017-01-05,51.5
2017-01-06,59.0
2017-01-07,40.0
2017-01-08,54.0
2017-01-09,55.25
2017-01-10,
2017-01-11,18.0
2017-01-12,
2017-01-13,20.333333333333332
2017-01-14,83.0
2017-01-15,
2017-01-16,80.0
2017-01-17,21.5
2017-01-18,24.5
2017-01-19,29.0
2017-01-20,23.0
2017-01-21,63.0
2017-01-22,
2017-01-23,
2017-01-24,17.5
2017-01-25,
2017-01-26,13.0
2017-01-27,27.0
2017-01-28,45.6
2017-01-29,11.0
2017-01-30,36.5
2017-01-31,
2017-02-01,11.666666666666666
2017-02-02,
2017-02-03,19.0
2017-02-04,
2017-02-05,
2017-02-06,47.0
2017-02-07,16.25
2017-02-08,
2017-02-09,8.0
2017-02-10,49.0
2017-02-11,4.0
2017-02-12,
2017-02-13,18.0
2017-02-14,20.25
2017-02-15,19.0
2017-02-16,
2017-02-17,
2017-02-18,24.0
2017-02-19,25.0
2017-02-20,51.5
2017-02-21,49.333333333333336
2017-02-22,27.666666666666668
2017-02-23,32.0
2017-02-24,25.5
2017-02-25,20.0
2017-02-26,36.5
2017-02-27,48.666666666666664
2017-02-28,15.0
2017-03-01,29.0
2017-03-02,15.333333333333334
2017-03-03,22.0
2017-03-04,48.0
2017-03-05,42.333333333333336
2017-03-06,15.2
2017-03-07,105.0
2017-03-08,47.5
2017-03-09,58.0
2017-03-10,20.0
2017-03-11,
2017-03-12,51.0
2017-03-13,31.0
2017-03-14,83.0
2017-03-15,128.0
2017-03-16,27.0
2017-03-17,27.5
2017-03-18,22.0
2017-03-19,29.5
2017-03-20,50.0
2017-03-21,31.0
2017-03-22,29.0
2017-03-23,16.0
2017-03-24,19.0
2017-03-25,56.0
2017-03-26,28.0
2017-03-27,51.0
2017-03-28,78.5
2017-03-29,45.666666666666664
2017-03-30,35.0
2017-03-31,39.0
2017-04-01,12.0
2017-04-02,35.4
2017-04-03,
2017-04-04,47.0
2017-04-05,
2017-04-06,42.0
2017-04-07,17.0
2017-04-08,51.0
2017-04-09,59.0
2017-04-10,38.5
2017-04-11,
2017-04-12,
2017-04-13,56.0
2017-04-14,22.0
2017-04-15,70.0
2017-04-16,20.0
2017-04-17,
2017-04-18,
2017-04-19,40.666666666666664
2017-04-20,60.0
2017-04-21,29.0
2017-04-22,8.0
2017-04-23,23.5
2017-04-24,27.666666666666668
2017-04-25,16.5
2017-04-26,11.0
2017-04-27,22.5
2017-04-28,22.0
2017-04-29,72.0
2017-04-30,13.0
2017-05-01,
2017-05-02,20.333333333333332
2017-05-03,
2017-05-04,37.0
2017-05-05,29.75
2017-05-06,47.0
2017-05-07,25.0
2017-05-08,37.0
2017-05-09,19.0
2017-05-10,29.5
2017-05-11,33.5
2017-05-12,31.0
2017-05-13,56.0
2017-05-14,18.666666666666668
2017-05-15,
2017-05-16,
2017-05-17,
2017-05-18,23.5
2017-05-19,36.0
2017-05-20,32.0
2017-05-21,13.0
2017-05-22,13.0
2017-05-23,78.0
2017-05-24,14.0
2017-05-25,30.0
2017-05-26,14.0
2017-05-27,31.0
2017-05-28,
2017-05-29,31.0
2017-05-30,
2017-05-31,39.666666666666664
2017-06-01,20.0
2017-06-02,48.0
2017-06-03,24.0
2017-06-04,48.0
2017-06-05,47.333333333333336
2017-06-06,44.5
2017-06-07,16.0
2017-06-08,43.666666666666664
2017-06-09,
2017-06-10,43.0
2017-06-11,24.666666666666668
2017-06-12,54.0
2017-06-13,11.25
2017-06-14,27.0
2017-06-15,11.5
2017-06-16,27.0
2017-06-17,21.0
2017-06-18,
2017-06-19,56.0
2017-06-20,22.0
2017-06-21,74.0
2017-06-22,11.6
2017-06-23,
2017-06-24,89.0
2017-06-25,21.0
2017-06-26,
2017-06-27,
2017-06-28,46.333333333333336
2017-06-29,35.5
2017-06-30,57.0
2017-07-01,58.0
2017-07-02,23.0
2017-07-03,32.0
2017-07-04,
2017-07-05,20.0
2017-07-06,28.333333333333332
2017-07-07,21.5
2017-07-08,
2017-07-09,41.0
2017-07-10,
2017-07-11,22.0
2017-07-12,
2017-07-13,
2017-07-14,17.0
2017-07-15,61.0
2017-07-16,
2017-07-17,47.666666666666664
2017-07-18,34.0
2017-07-19,23.0
2017-07-20,31.0
2017-07-21,24.666666666666668
2017-07-22,
2017-07-23,
2017-07-24,
2017-07-25,22.0
2017-07-26,
2017-07-27,28.0
2017-07-28,
2017-07-29,
2017-07-30,25.666666666666668
2017-07-31,86.0
2017-08-01,9.0
2017-08-02,32.0
2017-08-03,54.0
2017-08-04,10.0
2017-08-05,24.5
2017-08-06,55.0
2017-08-07,14.0
2017-08-08,29.0
2017-08-09,46.5
2017-08-10,18.5
2017-08-11,17.0
2017-08-12,45.666666666666664
2017-08-13,33.0
2017-08-14,12.0
2017-08-15,38.0
2017-08-16,58.4
2017-08-17,44.0
2017-08-18,29.5
2017-08-19,10.2
2017-08-20,31.0
2017-08-21,34.666666666666664
2017-08-22,44.666666666666664
2017-08-23,43.0
2017-08-24,30.666666666666668
2017-08-25,65.0
2017-08-26,36.0
2017-08-27,21.0
2017-08-28,
2017-08-29,44.0
2017-08-30,13.0
2017-08-31,16.0
2017-09-01,19.666666666666668
2017-09-02,17.333333333333332
2017-09-03,24.333333333333332
2017-09-04,50.0
2017-09-05,17.0
2017-09-06,18.333333333333332
2017-09-07,17.0
2017-09-08,6.0
2017-09-09,4.0
2017-09-10,
2017-09-11,
2017-09-12,14.0
2017-09-13,7.75
2017-09-14,
2017-09-15,
2017-09-16,14.5
2017-09-17,40.0
2017-09-18,10.0
2017-09-19,
2017-09-20,17.5
2017-09-21,15.0
2017-09-22,28.333333333333332
2017-09-23,64.0
2017-09-24,16.5
2017-09-25,13.5
2017-09-26,14.5
2017-09-27,19.5
2017-09-28,52.0
2017-09-29,24.0
2017-09-30,23.5
2017-10-01,34.0
2017-10-02,29.5
2017-10-03,39.5
2017-10-04,
2017-10-05,19.833333333333332
2017-10-06,38.0
2017-10-07,54.0
2017-10-08,39.0
2017-10-09,23.5
2017-10-10,44.0
2017-10-11,24.0
2017-10-12,71.0
2017-10-13,55.0
2017-10-14,5.0
2017-10-15,32.0
2017-10-16,25.75
2017-10-17,
2017-10-18,34.666666666666664
2017-10-19,74.0
2017-10-20,88.0
2017-10-21,26.8
2017-10-22,
2017-10-23,13.666666666666666
2017-10-24,10.5
2017-10-25,
2017-10-26,23.625
2017-10-27,
2017-10-28,11.0
2017-10-29,26.5
2017-10-30,28.0
2017-10-31,
2017-11-01,14.666666666666666
2017-11-02,26.8
2017-11-03,
2017-11-04,22.75
2017-11-05,
2017-11-06,26.2
2017-11-07,31.0
2017-11-08,27.5
2017-11-09,35.0
2017-11-10,54.5
2017-11-11,44.333333333333336
2017-11-12,24.0
2017-11-13,31.333333333333332
2017-11-14,31.0
2017-11-15,1.0
2017-11-16,
2017-11-17,47.0
2017-11-18,37.0
2017-11-19,24.0
2017-11-20,
2017-11-21,
2017-11-22,9.0
2017-11-23,79.0
2017-11-24,136.0
2017-11-25,15.0
2017-11-26,29.0
2017-11-27,19.5
2017-11-28,23.333333333333332
2017-11-29,18.5
2017-11-30,
2017-12-01,23.0
2017-12-02,37.25
2017-12-03,14.666666666666666
2017-12-04,12.0
2017-12-05,35.0
2017-12-06,56.0
2017-12-07,9.0
2017-12-08,55.5
2017-12-09,30.0
2017-12-10,15.666666666666666
2017-12-11,
2017-12-12,34.0
2017-12-13,10.0
2017-12-14,31.0
2017-12-15,35.6
2017-12-16,36.0
2017-12-17,96.0
2017-12-18,24.0
2017-12-19,41.0
2017-12-20,36.0
2017-12-21,64.0
2017-12-22,29.0
2017-12-23,16.0
2017-12-24,33.666666666666664
2017-12-25,25.333333333333332
2017-12-26,9.0
2017-12-27,39.0
2017-12-28,76.0
2017-12-29,57.5
2017-12-30,41.0
2017-12-31,60.0
2018-01-01,73.66666666666667
2018-01-02,46.0
2018-01-03,32.333333333333336
2018-01-04,
2018-01-05,50.0
2018-01-06,83.0
2018-01-07,13.0
2018-01-08,45.0
2018-01-09,29.333333333333332
2018-01-10,
2018-01-11,
2018-01-12,37.0
2018-01-13,
2018-01-14,21.0
2018-01-15,61.5
2018-01-16,43.0
2018-01-17,22.333333333333332
2018-01-18,
2018-01-19,17.0
2018-01-20,45.0
2018-01-21,22.8
2018-01-22,32.0
2018-01-23,
2018-01-24,9.0
2018-01-25,13.0
2018-01-26,51.0
2018-01-27,30.333333333333332
2018-01-28,17.0
2018-01-29,22.0
2018-01-30,32.5
2018-01-31,18.5
2018-02-01,28.5
2018-02-02,9.5
2018-02-03,25.5
2018-02-04,22.5
2018-02-05,10.5
2018-02-06,32.75
2018-02-07,44.833333333333336
2018-02-08,
2018-02-09,10.0
2018-02-10,
2018-02-11,35.0
2018-02-12,
2018-02-13,45.0
2018-02-14,39.0
2018-02-15,
2018-02-16,93.0
2018-02-17,36.0
2018-02-18,54.0
2018-02-19,4.0
2018-02-20,16.666666666666668
2018-02-21,
2018-02-22,
2018-02-23,37.0
2018-02-24,34.75
2018-02-25,40.5
2018-02-26,42.0
2018-02-27,8.5
2018-02-28,16.0
2018-03-01,
2018-03-02,20.0
2018-03-03,11.666666666666666
2018-03-04,50.0
2018-03-05,
2018-03-06,29.5
2018-03-07,
2018-03-08,21.0
2018-03-09,12.0
2018-03-10,62.0
2018-03-11,47.0
2018-03-12,35.0
2018-03-13,57.25
2018-03-14,52.25
2018-03-15,
2018-03-16,83.0
2018-03-17,56.0
2018-03-18,
2018-03-19,58.0
2018-03-20,29.666666666666668
2018-03-21,
2018-03-22,
2018-03-23,
2018-03-24,63.0
2018-03-25,43.0
2018-03-26,
2018-03-27,30.0
2018-03-28,
2018-03-29,
2018-03-30,54.0
2018-03-31,12.333333333333334
2018-04-01,84.5
2018-04-02,137.0
2018-04-03,65.0
2018-04-04,55.25
2018-04-05,38.0
2018-04-06,42.0
2018-04-07,16.0
2018-04-08,
2018-04-09,14.0
2018-04-10,
2018-04-11,12.5
2018-04-12,
2018-04-13,36.0
2018-04-14,
2018-04-15,28.0
2018-04-16,22.0
2018-04-17,
2018-04-18,
2018-04-19,28.0
2018-04-20,
2018-04-21,25.5
2018-04-22,30.333333333333332
2018-04-23,
2018-04-24,24.0
2018-04-25,23.5
2018-04-26,21.0
2018-04-27,29.0
2018-04-28,
2018-04-29,
2018-04-30,
2018-05-01,19.0
2018-05-02,29.0
2018-05-03,17.666666666666668
2018-05-04,
2018-05-05,9.0
2018-05-06,38.0
2018-05-07,
2018-05-08,34.0
2018-05-09,
2018-05-10,
2018-05-11,
2018-05-12,
2018-05-13,16.571428571428573
2018-05-14,21.0
2018-05-15,33.333333333333336
2018-05-16,
2018-05-17,26.2
2018-05-18,16.0
2018-05-19,56.0
2018-05-20,18.571428571428573
2018-05-21,37.333333333333336
2018-05-22,24.0
2018-05-23,18.0
2018-05-24,72.0
2018-05-25,24.5
2018-05-26,100.0
2018-05-27,38.833333333333336
2018-05-28,24.25
2018-05-29,13.0
2018-05-30,41.5
2018-05-31,73.0
2018-06-01,22.0
2018-06-02,19.666666666666668
2018-06-03,49.0
2018-06-04,113.0
2018-06-05,17.0
2018-06-06,
2018-06-07,43.6
2018-06-08,
2018-06-09,33.75
2018-06-10,24.4
2018-06-11,
2018-06-12,17.0
2018-06-13,56.0
2018-06-14,
2018-06-15,
2018-06-16,
2018-06-17,18.5
2018-06-18,63.0
2018-06-19,23.0
2018-06-20,
2018-06-21,14.0
2018-06-22,68.0
2018-06-23,56.5
2018-06-24,38.333333333333336
2018-06-25,30.666666666666668
2018-06-26,22.0
2018-06-27,
2018-06-28,10.0
2018-06-29,22.0
2018-06-30,8.5
2018-07-01,21.0
2018-07-02,80.0
2018-07-03,76.33333333333333
2018-07-04,62.0
2018-07-05,35.0
2018-07-06,21.25
2018-07-07,25.0
2018-07-08,
2018-07-09,
2018-07-10,47.5
2018-07-11,20.333333333333332
2018-07-12,7.0
2018-07-13,13.0
2018-07-14,
2018-07-15,13.333333333333334
2018-07-16,30.0
2018-07-17,13.0
2018-07-18,41.333333333333336
2018-07-19,20.5
2018-07-20,88.0
2018-07-21,39.333333333333336
2018-07-22,26.333333333333332
2018-07-23,1.0
2018-07-24,16.0
2018-07-25,36.0
2018-07-26,
2018-07-27,5.6
2018-07-28,7.0
2018-07-29,1.0
2018-07-30,
